Pregnancies,Glucose,BloodPressure,SkinThickness,Insulin,BMI,DiabetesPedigreeFunction,Age,Decision Tree Prediction,Naïve Bayes Prediction,Random Forest Prediction
12.0,49.0,56.0,18.0,331.0,50.0,0.192313139715719,21.0,0,1,0
4.0,128.0,39.0,53.0,367.0,22.0,0.411382390227921,21.0,1,1,0
15.0,95.0,113.0,40.0,494.0,27.0,0.780781376421434,48.0,1,1,1
12.0,77.0,37.0,9.0,193.0,23.0,0.392337198790471,55.0,0,0,0
9.0,53.0,83.0,6.0,481.0,24.0,0.861166257057556,63.0,0,1,0
1.0,96.0,30.0,37.0,473.0,18.0,1.43841641705132,32.0,0,1,0
4.0,148.0,103.0,49.0,405.0,40.0,1.25107496498567,42.0,1,1,1
11.0,120.0,86.0,47.0,450.0,24.0,1.21770489879565,37.0,1,1,1
12.0,143.0,88.0,15.0,266.0,29.0,0.833595006304803,60.0,0,1,1
3.0,102.0,114.0,27.0,453.0,28.0,1.70998906347721,70.0,0,1,0
